State,Year,Population_12_17,Population_18_25,Population_26plus,Rates.Marijuana.New Users.12-17,Rates.Marijuana.New Users.18-25,Rates.Marijuana.New Users.26+,Rates_Marijuana_Used_Past_Month_12_17,Rates_Marijuana_Used_Past_Month_18_25,Rates_Marijuana_Used_Past_Month_26plus
Alabama,2002,380805,499453,2812905,0.059732,0.062325,0.000914,0.063662,0.124672,0.025967
Alaska,2002,69400,62791,368460,0.077736,0.08425,0.001625,0.110781,0.239907,0.071362
Arizona,2002,485521,602265,3329482,0.064179,0.060101,0.001364,0.077371,0.15178,0.036657
Arkansas,2002,232986,302029,1687337,0.06671,0.071089,0.000991,0.07967,0.164807,0.033891
California,2002,3140739,3919577,21392421,0.058786,0.062674,0.001437,0.076595,0.160916,0.045736
Colorado,2002,385648,493921,2798960,0.075936,0.081015,0.001986,0.098228,0.216673,0.060119
Connecticut,2002,295157,323120,2235763,0.083099,0.082243,0.00134,0.092197,0.236209,0.042218
Delaware,2002,66477,88388,514059,0.079415,0.072098,0.001161,0.094062,0.22055,0.03956
District of Columbia,2002,33192,73655,372907,0.068901,0.081651,0.001692,0.074326,0.241396,0.069323
Florida,2002,1346297,1576278,11066322,0.067541,0.064396,0.001167,0.085194,0.176802,0.047513
Georgia,2002,748467,945489,5202846,0.059333,0.047582,0.001259,0.068659,0.130115,0.031782
Hawaii,2002,103803,122789,761280,0.070172,0.089015,0.000719,0.102273,0.169993,0.04901
Idaho,2002,128028,164566,794611,0.06364,0.054264,0.001324,0.079185,0.124741,0.031031
Illinois,2002,1082396,1380990,7825956,0.062369,0.068658,0.001266,0.07609,0.174317,0.032348
Indiana,2002,541577,704733,3788500,0.054761,0.075355,0.001268,0.073669,0.17192,0.039114
Iowa,2002,246347,351217,1847207,0.053682,0.071458,0.001062,0.071008,0.131444,0.030436
Kansas,2002,241178,319425,1645149,0.051272,0.076829,0.001083,0.073894,0.139181,0.027944
Kentucky,2002,327727,454574,2605898,0.069493,0.062944,0.001165,0.081571,0.141548,0.038175
Louisiana,2002,406965,537725,2668243,0.056358,0.079103,0.000922,0.069216,0.170381,0.033271
Maine,2002,108861,130511,869560,0.083056,0.10352,0.001254,0.105597,0.232175,0.05334
Maryland,2002,476696,536352,3466746,0.066743,0.071553,0.001289,0.078684,0.19434,0.032664
Massachusetts,2002,508325,672543,4201348,0.077447,0.081665,0.001578,0.105302,0.245414,0.047945
Michigan,2002,895753,1091376,6298792,0.067834,0.076569,0.001363,0.092345,0.184877,0.049524
Minnesota,2002,446545,572795,3154577,0.068649,0.071466,0.001477,0.089218,0.174902,0.03995
Mississippi,2002,257508,347410,1704672,0.045486,0.053306,0.000893,0.060446,0.129855,0.027446
Missouri,2002,491394,628542,3550250,0.071002,0.072608,0.001367,0.074293,0.185535,0.04591
Montana,2002,81697,103338,578710,0.090805,0.101967,0.001216,0.120712,0.206639,0.067083
Nebraska,2002,152465,204600,1058402,0.066346,0.059926,0.001122,0.091303,0.156064,0.03656
Nevada,2002,184670,215631,1379759,0.084232,0.06078,0.001509,0.095757,0.182867,0.056828
New Hampshire,2002,113457,129505,830689,0.08815,0.111396,0.001592,0.117852,0.27308,0.073608
New Jersey,2002,719658,791085,5586200,0.06624,0.059723,0.001156,0.073316,0.178881,0.029299
New Mexico,2002,176611,210636,1122984,0.082554,0.104922,0.001428,0.103467,0.189767,0.047416
New York,2002,1562426,2036478,12316861,0.068483,0.08016,0.001177,0.087551,0.2144,0.048169
North Carolina,2002,685632,875677,5204654,0.078134,0.068075,0.001055,0.084415,0.172157,0.036594
North Dakota,2002,54387,82312,389658,0.06959,0.084486,0.000925,0.075777,0.153455,0.029425
Ohio,2002,987986,1231294,7182193,0.066158,0.073043,0.001167,0.087426,0.182232,0.041688
Oklahoma,2002,302673,411137,2120890,0.063342,0.066686,0.001037,0.081258,0.155086,0.033051
Oregon,2002,297076,385140,2261755,0.069408,0.075348,0.001439,0.093118,0.221709,0.06573
Pennsylvania,2002,1028108,1290045,8009346,0.06653,0.075078,0.001021,0.081782,0.176562,0.033748
Rhode Island,2002,85295,126228,688500,0.078864,0.100183,0.001456,0.108629,0.299258,0.056975
South Carolina,2002,345629,458404,2574050,0.065633,0.080487,0.001039,0.072508,0.164647,0.035231
South Dakota,2002,69742,90990,459901,0.083853,0.085799,0.000966,0.095658,0.146648,0.027378
Tennessee,2002,473558,621828,3699537,0.050895,0.055023,0.001044,0.063729,0.133951,0.028782
Texas,2002,2018953,2512206,12788834,0.065191,0.055505,0.001399,0.063776,0.128555,0.029508
Utah,2002,229447,360378,1222045,0.044975,0.052627,0.001309,0.052963,0.095254,0.021456
Vermont,2002,53924,69851,403822,0.103502,0.104433,0.001459,0.133166,0.269528,0.063394
Virginia,2002,607438,739131,4560096,0.073392,0.07495,0.001189,0.084252,0.177012,0.037254
Washington,2002,528622,653701,3825493,0.071435,0.071117,0.001606,0.091051,0.212184,0.048161
West Virginia,2002,139163,194555,1197550,0.072889,0.062673,0.000931,0.086249,0.146717,0.031698
Wisconsin,2002,482686,620505,3425585,0.071661,0.082539,0.001232,0.077073,0.159801,0.031789
Wyoming,2002,45377,59114,310110,0.064353,0.070639,0.001172,0.071356,0.155898,0.032719
Alabama,2003,381563,503783,2834977,0.057088,0.058363,0.001287,0.064254,0.137853,0.028499
Alaska,2003,68492,69578,370098,0.077867,0.076329,0.001374,0.120174,0.23009,0.070333
Arizona,2003,498693,621802,3424675,0.066348,0.056403,0.00131,0.083331,0.149255,0.039126
Arkansas,2003,233184,306999,1703727,0.057542,0.06378,0.001293,0.084435,0.160746,0.036007
California,2003,3209345,3949889,21686129,0.061018,0.066741,0.001087,0.08516,0.162333,0.04698
Colorado,2003,388793,501011,2828830,0.079195,0.079464,0.001742,0.098274,0.189069,0.049513
Connecticut,2003,295229,336200,2259754,0.085348,0.08066,0.001337,0.086594,0.240934,0.043078
Delaware,2003,67658,90513,522123,0.065887,0.073319,0.001246,0.074743,0.209699,0.03543
District of Columbia,2003,33384,70483,367787,0.059079,0.070045,0.001517,0.058815,0.199276,0.051537
Florida,2003,1376459,1658368,11277251,0.059333,0.059361,0.001229,0.072949,0.165227,0.041276
Georgia,2003,763519,967105,5276693,0.056072,0.050647,0.001488,0.063446,0.131677,0.039331
Hawaii,2003,100549,121734,791438,0.074496,0.076885,0.000553,0.097143,0.166165,0.045824
Idaho,2003,127839,168848,815805,0.065401,0.058319,0.001806,0.07293,0.11263,0.031254
Illinois,2003,1089901,1400520,7863343,0.061566,0.06527,0.001245,0.063355,0.166403,0.037179
Indiana,2003,546518,711380,3816240,0.057637,0.073332,0.001609,0.076125,0.146987,0.036302
Iowa,2003,243608,354296,1860596,0.052555,0.075162,0.001289,0.063757,0.130912,0.028953
Kansas,2003,237856,324390,1655732,0.060363,0.077109,0.001411,0.076294,0.136021,0.029683
Kentucky,2003,336908,453011,2611452,0.07309,0.053928,0.001616,0.087537,0.154658,0.045829
Louisiana,2003,403315,543941,2685275,0.058623,0.062845,0.001285,0.064466,0.149076,0.031175
Maine,2003,109954,134241,875886,0.072125,0.089526,0.001512,0.116931,0.240029,0.05421
Maryland,2003,485901,556047,3492188,0.063718,0.065503,0.001174,0.07422,0.180508,0.03242
Massachusetts,2003,512838,676402,4189790,0.072817,0.079163,0.001563,0.102753,0.261292,0.057023
Michigan,2003,902553,1108787,6328980,0.066869,0.074183,0.001517,0.087733,0.189878,0.049494
Minnesota,2003,442828,587599,3185052,0.06439,0.070807,0.001531,0.08081,0.161686,0.039921
Mississippi,2003,256982,349332,1720516,0.043881,0.057561,0.001234,0.056121,0.10953,0.026669
Missouri,2003,490972,642988,3583670,0.06897,0.076177,0.001723,0.08173,0.164714,0.043285
Montana,2003,79960,106615,588167,0.086342,0.089269,0.001511,0.100044,0.201614,0.054534
Nebraska,2003,150669,208757,1065283,0.061677,0.062505,0.001415,0.073885,0.143892,0.032371
Nevada,2003,192336,228424,1437719,0.068309,0.053245,0.001378,0.078151,0.15239,0.044945
New Hampshire,2003,114731,134285,839848,0.074487,0.09983,0.001536,0.103086,0.241357,0.060094
New Jersey,2003,733853,816302,5595385,0.06099,0.059783,0.001067,0.069495,0.176135,0.029026
New Mexico,2003,175489,218107,1142829,0.087619,0.073159,0.001223,0.119052,0.21102,0.057905
New York,2003,1571709,2047533,12344264,0.062796,0.076523,0.001218,0.08462,0.214597,0.049672
North Carolina,2003,701982,889092,5275688,0.064133,0.061962,0.001315,0.07391,0.153329,0.037514
North Dakota,2003,52643,82943,392000,0.067481,0.081808,0.001235,0.074929,0.147169,0.034547
Ohio,2003,983181,1251526,7227097,0.06247,0.074386,0.001408,0.08212,0.166232,0.039946
Oklahoma,2003,296942,415680,2144532,0.05907,0.062401,0.001335,0.077585,0.157034,0.033586
Oregon,2003,297247,392447,2296726,0.069537,0.064371,0.001657,0.097435,0.210715,0.055796
Pennsylvania,2003,1034227,1315867,8027780,0.063284,0.075216,0.001268,0.077523,0.177426,0.038676
Rhode Island,2003,87330,127440,690482,0.073838,0.084438,0.001566,0.10965,0.254231,0.059219
South Carolina,2003,356468,460716,2594007,0.062303,0.081715,0.001274,0.067279,0.155301,0.038782
South Dakota,2003,68362,93146,464319,0.072401,0.078177,0.001284,0.069036,0.12931,0.029924
Tennessee,2003,475614,636601,3743398,0.053597,0.051811,0.001434,0.061429,0.128083,0.035764
Texas,2003,2038642,2577160,12992311,0.057748,0.050731,0.001263,0.059671,0.126078,0.029156
Utah,2003,229590,356134,1248593,0.04157,0.042279,0.001859,0.047351,0.096118,0.025912
Vermont,2003,53561,70579,408025,0.088156,0.104655,0.001546,0.111069,0.263493,0.057314
Virginia,2003,617003,757538,4614672,0.053038,0.084983,0.001275,0.067629,0.161315,0.034386
Washington,2003,527419,676016,3890656,0.064707,0.068182,0.001442,0.079838,0.172785,0.042504
West Virginia,2003,138269,195092,1205827,0.070166,0.069092,0.001328,0.077668,0.156707,0.037354
Wisconsin,2003,478926,633007,3459808,0.069829,0.079069,0.001363,0.083605,0.158904,0.035524
Wyoming,2003,43883,60860,315000,0.069667,0.076053,0.001553,0.068655,0.163696,0.034978
Alabama,2004,380150,506120,2871062,0.051428,0.051097,0.001531,0.067209,0.139538,0.030454
Alaska,2004,68162,73462,373429,0.0715,0.071247,0.002517,0.097076,0.213588,0.07992
Arizona,2004,510698,643907,3549522,0.068894,0.055449,0.001926,0.082033,0.131478,0.035071
Arkansas,2004,232095,310177,1729803,0.055108,0.046945,0.001601,0.078314,0.144019,0.036164
California,2004,3290671,3974135,21850567,0.057477,0.057879,0.001635,0.074991,0.161887,0.048548
Colorado,2004,392822,506705,2865042,0.074678,0.065646,0.002374,0.092432,0.209658,0.049365
Connecticut,2004,299013,344048,2265842,0.07991,0.0765,0.002093,0.088786,0.237435,0.049532
Delaware,2004,67454,92253,534950,0.06835,0.080152,0.001832,0.072388,0.201966,0.036341
District of Columbia,2004,34350,65197,364207,0.061086,0.073069,0.002111,0.068732,0.18751,0.0525
Florida,2004,1404055,1719548,11530104,0.060007,0.056774,0.001439,0.072884,0.179681,0.039199
Georgia,2004,775954,990545,5412379,0.050271,0.059222,0.001885,0.060679,0.145383,0.039364
Hawaii,2004,100585,123191,796942,0.062499,0.066521,0.001897,0.076051,0.166669,0.043639
Idaho,2004,127552,172734,841609,0.055463,0.061413,0.0024,0.06241,0.128033,0.032856
Illinois,2004,1099965,1406715,7910382,0.059355,0.065868,0.001772,0.063461,0.159448,0.036338
Indiana,2004,549720,709599,3856681,0.061418,0.059019,0.002009,0.065375,0.143653,0.032385
Iowa,2004,240059,353384,1883725,0.048695,0.061438,0.001787,0.059806,0.116811,0.02639
Kansas,2004,233656,327533,1673455,0.057027,0.067764,0.002235,0.067931,0.138761,0.033846
Kentucky,2004,336219,453022,2645240,0.059068,0.053165,0.00193,0.077336,0.146774,0.044524
Louisiana,2004,398611,545993,2712415,0.052294,0.061209,0.001659,0.05755,0.147423,0.036523
Maine,2004,108414,137266,884793,0.074833,0.089657,0.002076,0.122692,0.245915,0.056045
Maryland,2004,492847,571917,3512136,0.061242,0.065253,0.001716,0.068759,0.138594,0.034192
Massachusetts,2004,511301,676924,4186567,0.063198,0.079689,0.002271,0.094944,0.248787,0.045276
Michigan,2004,907902,1111809,6354775,0.062168,0.075685,0.002024,0.07494,0.185745,0.045143
Minnesota,2004,437674,597384,3220581,0.06053,0.066855,0.002247,0.078223,0.167382,0.050562
Mississippi,2004,255659,348523,1747645,0.047433,0.052998,0.00139,0.057937,0.115524,0.032954
Missouri,2004,486907,653900,3636194,0.059048,0.067024,0.002005,0.075349,0.148988,0.035952
Montana,2004,77617,108976,599979,0.07686,0.083092,0.002094,0.094964,0.21053,0.056534
Nebraska,2004,148189,210903,1077324,0.049989,0.061187,0.001856,0.058813,0.147327,0.030151
Nevada,2004,201110,239773,1493077,0.063256,0.045819,0.001961,0.069756,0.160589,0.043769
New Hampshire,2004,115243,136890,849273,0.059008,0.100907,0.002243,0.085894,0.235917,0.049026
New Jersey,2004,745809,832522,5605723,0.052565,0.062298,0.001597,0.064651,0.160273,0.033165
New Mexico,2004,173285,224690,1167618,0.078306,0.061646,0.0017,0.091131,0.177055,0.041586
New York,2004,1584677,2050011,12371557,0.057342,0.065307,0.001782,0.083994,0.209001,0.048544
North Carolina,2004,715542,897851,5379787,0.053132,0.056517,0.001927,0.078243,0.150217,0.037955
North Dakota,2004,50426,82738,398634,0.053455,0.066968,0.001688,0.05815,0.112714,0.032115
Ohio,2004,980119,1257858,7263612,0.056716,0.065055,0.001835,0.074304,0.159989,0.040702
Oklahoma,2004,292067,418925,2171414,0.057587,0.05346,0.001809,0.071047,0.136224,0.032913
Oregon,2004,297935,396541,2331124,0.074217,0.067461,0.002683,0.093038,0.209227,0.061115
Pennsylvania,2004,1035623,1322980,8059411,0.061002,0.065775,0.001695,0.068805,0.180233,0.040446
Rhode Island,2004,88122,125374,691117,0.076276,0.076913,0.002132,0.108239,0.264648,0.055065
South Carolina,2004,358954,464027,2642693,0.060715,0.062276,0.001618,0.064288,0.144414,0.03736
South Dakota,2004,66529,94332,472172,0.058986,0.064959,0.001754,0.067938,0.13398,0.030561
Tennessee,2004,477163,642419,3799709,0.060162,0.059734,0.001897,0.059808,0.149332,0.043099
Texas,2004,2052845,2628020,13267576,0.049183,0.051063,0.001673,0.05764,0.127259,0.02875
Utah,2004,226903,358089,1304188,0.042905,0.043279,0.002418,0.056855,0.099034,0.032414
Vermont,2004,52660,70932,411991,0.073243,0.095701,0.002318,0.105406,0.266726,0.058381
Virginia,2004,622210,774068,4680347,0.0509,0.066451,0.001749,0.053064,0.144694,0.032462
Washington,2004,527538,692546,3955836,0.053018,0.068825,0.002104,0.068282,0.181058,0.051166
West Virginia,2004,136919,192780,1215454,0.054913,0.070138,0.001644,0.06997,0.17432,0.038781
Wisconsin,2004,472397,638835,3502106,0.06799,0.077176,0.002137,0.081269,0.164515,0.038456
Wyoming,2004,42257,61866,321211,0.069326,0.072072,0.002133,0.068798,0.153272,0.036485
Alabama,2005,384026,504331,2899055,0.048558,0.049161,0.001364,0.061922,0.122741,0.032476
Alaska,2005,66349,74227,382565,0.058982,0.072673,0.002712,0.081717,0.195438,0.070095
Arizona,2005,522702,660913,3704157,0.065501,0.054769,0.001768,0.070266,0.142046,0.0333
Arkansas,2005,233328,306500,1755313,0.06336,0.055974,0.001465,0.076082,0.145323,0.039432
California,2005,3293484,4085207,22046720,0.054006,0.052719,0.001595,0.065814,0.170162,0.047801
Colorado,2005,389561,513260,2938592,0.069351,0.069468,0.002218,0.076013,0.211807,0.054475
Connecticut,2005,299315,349035,2272942,0.06815,0.084005,0.001917,0.083256,0.232076,0.050964
Delaware,2005,69102,92344,541851,0.062834,0.07615,0.001783,0.071832,0.179073,0.03699
District of Columbia,2005,36509,71305,369695,0.061151,0.087446,0.002825,0.067504,0.196141,0.064096
Florida,2005,1405376,1765323,11819668,0.057347,0.058614,0.001331,0.070002,0.178459,0.03697
Georgia,2005,800536,1007170,5604242,0.046204,0.058967,0.001771,0.059989,0.149745,0.041792
Hawaii,2005,101214,124633,806534,0.058992,0.072015,0.002442,0.069585,0.158113,0.038415
Idaho,2005,130072,171005,869082,0.05023,0.053782,0.001876,0.059884,0.139073,0.035053
Illinois,2005,1100792,1422772,7966227,0.05503,0.061655,0.001726,0.067059,0.153999,0.034019
Indiana,2005,546441,702749,3913195,0.056371,0.059621,0.00176,0.062534,0.15554,0.035959
Iowa,2005,244036,348756,1887732,0.052683,0.056914,0.001521,0.063716,0.129378,0.028969
Kansas,2005,234307,324975,1685072,0.05183,0.064117,0.001863,0.066132,0.148447,0.039833
Kentucky,2005,339347,443407,2675718,0.05386,0.06153,0.001493,0.065046,0.140208,0.032758
Louisiana,2005,385359,523857,2663520,0.054551,0.055098,0.001573,0.05673,0.14668,0.037226
Maine,2005,107149,133984,891125,0.075514,0.100639,0.001703,0.108556,0.277002,0.061564
Maryland,2005,488407,582701,3545971,0.053635,0.067461,0.001805,0.055088,0.133087,0.032514
Massachusetts,2005,510948,693784,4187314,0.063343,0.079641,0.002145,0.088583,0.242636,0.052591
Michigan,2005,901407,1105696,6379828,0.058249,0.076197,0.002016,0.072662,0.170458,0.04478
Minnesota,2005,437254,593399,3249410,0.057106,0.064751,0.001999,0.074983,0.171435,0.053038
Mississippi,2005,257913,339363,1758458,0.046098,0.044533,0.001427,0.05477,0.127719,0.035348
Missouri,2005,490572,648988,3671275,0.050339,0.061452,0.001663,0.064215,0.144614,0.036854
Montana,2005,77917,107581,605606,0.063931,0.084688,0.001918,0.104707,0.222197,0.06989
Nebraska,2005,148761,210037,1083695,0.045978,0.061799,0.001589,0.056205,0.148031,0.033056
Nevada,2005,206623,246089,1551580,0.06283,0.049775,0.002065,0.074912,0.164848,0.051306
New Hampshire,2005,113655,136775,860562,0.05772,0.101465,0.00209,0.084034,0.248431,0.049345
New Jersey,2005,741478,844005,5639515,0.057193,0.059605,0.001523,0.063321,0.159104,0.034579
New Mexico,2005,173970,226724,1183171,0.072705,0.070332,0.00148,0.076983,0.169075,0.039085
New York,2005,1587906,2106543,12383739,0.056922,0.063176,0.001659,0.07735,0.202385,0.048078
North Carolina,2005,723206,900033,5515308,0.051877,0.055922,0.001712,0.069681,0.156353,0.037976
North Dakota,2005,50524,84579,394935,0.045088,0.054037,0.001307,0.044932,0.110343,0.028588
Ohio,2005,977997,1249533,7288639,0.057238,0.063294,0.001727,0.069614,0.165579,0.042052
Oklahoma,2005,295821,415188,2187319,0.052582,0.054525,0.001697,0.062553,0.130567,0.036467
Oregon,2005,297574,395092,2383671,0.071246,0.073417,0.002401,0.082137,0.185677,0.060349
Pennsylvania,2005,1029986,1325571,8088579,0.058594,0.064705,0.001518,0.066465,0.173602,0.040015
Rhode Island,2005,87162,125832,687555,0.071411,0.083889,0.002025,0.096781,0.275409,0.059606
South Carolina,2005,361860,461761,2698757,0.054191,0.062061,0.00152,0.060955,0.156102,0.036232
South Dakota,2005,66214,92864,477378,0.051103,0.055984,0.001485,0.063708,0.139617,0.034032
Tennessee,2005,486247,634563,3851545,0.057223,0.064827,0.001806,0.059789,0.168617,0.042875
Texas,2005,2083455,2674678,13620520,0.05167,0.048641,0.0015,0.055644,0.120136,0.026475
Utah,2005,233270,364626,1353274,0.039364,0.041125,0.001828,0.049622,0.096646,0.027219
Vermont,2005,51757,70705,414171,0.07752,0.105166,0.002035,0.100977,0.282339,0.066909
Virginia,2005,621149,782661,4767472,0.056091,0.056338,0.001685,0.064304,0.156771,0.037381
Washington,2005,532240,686791,4037966,0.056818,0.073406,0.002126,0.077757,0.200517,0.061739
West Virginia,2005,136941,188109,1219878,0.053668,0.061728,0.001296,0.069385,0.18606,0.039979
Wisconsin,2005,469879,631978,3530390,0.057341,0.076637,0.001899,0.065884,0.157523,0.036471
Wyoming,2005,42307,60899,324179,0.065907,0.080717,0.001825,0.075578,0.176442,0.047267
Alabama,2006,386639,500168,2919719,0.050085,0.047082,0.001011,0.054082,0.113858,0.031572
Alaska,2006,64383,74321,395433,0.058348,0.074354,0.001532,0.079823,0.188131,0.06003
Arizona,2006,531706,667551,3852843,0.054375,0.059604,0.001096,0.060227,0.151663,0.035841
Arkansas,2006,234358,298001,1778618,0.057329,0.064312,0.001069,0.066278,0.154332,0.041122
California,2006,3251070,4216574,22275311,0.052316,0.058304,0.001051,0.068116,0.169433,0.045699
Colorado,2006,387286,516885,3028921,0.078479,0.088692,0.001573,0.081488,0.217559,0.058096
Connecticut,2006,296415,352612,2273192,0.067006,0.085358,0.001084,0.07439,0.202108,0.038728
Delaware,2006,70333,91979,547985,0.051395,0.076921,0.001086,0.069011,0.187256,0.040938
District of Columbia,2006,37965,82030,377906,0.061751,0.086963,0.001871,0.068143,0.239745,0.068708
Florida,2006,1389340,1778827,12041147,0.055108,0.059121,0.000925,0.069344,0.175069,0.036145
Georgia,2006,822659,1001876,5761385,0.048667,0.062604,0.001206,0.057332,0.143276,0.041115
Hawaii,2006,99465,126140,819708,0.063343,0.075932,0.000887,0.070504,0.156663,0.037207
Idaho,2006,132866,165315,893079,0.05015,0.046953,0.001176,0.061001,0.13855,0.035826
Illinois,2006,1094265,1433731,8011425,0.053984,0.063086,0.001114,0.061995,0.15366,0.035687
Indiana,2006,539431,689525,3967335,0.059756,0.076908,0.001124,0.073682,0.16246,0.04033
Iowa,2006,248086,343994,1882850,0.053575,0.054663,0.000972,0.055256,0.104138,0.024001
Kansas,2006,235408,322138,1693284,0.048288,0.060832,0.001061,0.068809,0.144399,0.037213
Kentucky,2006,341772,430183,2710811,0.067394,0.074308,0.001109,0.070219,0.17382,0.036893
Louisiana,2006,372138,505392,2604053,0.055412,0.057691,0.001129,0.057639,0.141587,0.037126
Maine,2006,105652,127761,894906,0.068669,0.100981,0.001041,0.097952,0.266546,0.055696
Maryland,2006,478466,589416,3571216,0.056306,0.073488,0.001211,0.058612,0.159116,0.030783
Massachusetts,2006,510890,716472,4200845,0.0718,0.092107,0.001212,0.086828,0.233917,0.051818
Michigan,2006,888059,1095038,6401469,0.057843,0.078711,0.001219,0.075522,0.184504,0.049523
Minnesota,2006,436903,582894,3276237,0.054761,0.07195,0.001224,0.072016,0.19554,0.050736
Mississippi,2006,259663,330771,1756337,0.041893,0.045682,0.001099,0.047285,0.120502,0.032696
Missouri,2006,494026,633170,3701021,0.05173,0.062833,0.001116,0.064227,0.141907,0.039304
Montana,2006,79003,105557,611324,0.065346,0.08313,0.001052,0.093974,0.219416,0.063403
Nebraska,2006,149456,209102,1085658,0.046557,0.055854,0.001,0.055693,0.136559,0.0331
Nevada,2006,211067,243884,1609285,0.055421,0.054466,0.001356,0.070515,0.142309,0.044613
New Hampshire,2006,111310,134161,868239,0.063167,0.107704,0.001344,0.086439,0.259262,0.054579
New Jersey,2006,727090,852072,5662105,0.052888,0.058339,0.000955,0.057687,0.148497,0.030258
New Mexico,2006,172181,226537,1198968,0.075666,0.080741,0.000991,0.087281,0.190645,0.045258
New York,2006,1579916,2179143,12397704,0.057596,0.067558,0.00108,0.074333,0.200599,0.045963
North Carolina,2006,728599,907260,5664014,0.053267,0.055018,0.001095,0.062248,0.154646,0.035561
North Dakota,2006,50947,88579,388842,0.052139,0.061035,0.000915,0.05018,0.118576,0.0342
Ohio,2006,971766,1226839,7315244,0.064733,0.070009,0.001176,0.073514,0.17388,0.039485
Oklahoma,2006,299621,410759,2202862,0.050691,0.054643,0.001054,0.062125,0.125208,0.037077
Oregon,2006,297325,387123,2436662,0.067347,0.08071,0.001343,0.078085,0.184325,0.057079
Pennsylvania,2006,1018244,1324878,8099649,0.057184,0.06711,0.000961,0.069086,0.158627,0.034418
Rhode Island,2006,85339,127016,683457,0.075851,0.108721,0.001234,0.097663,0.300214,0.068878
South Carolina,2006,362886,457237,2759373,0.049872,0.06124,0.001044,0.052979,0.138187,0.032455
South Dakota,2006,66722,91328,484977,0.047037,0.060017,0.000994,0.057669,0.142019,0.036976
Tennessee,2006,496587,620435,3921118,0.05575,0.058191,0.001167,0.061231,0.162522,0.038929
Texas,2006,2105817,2699382,13969152,0.051409,0.045412,0.001062,0.054706,0.110131,0.027562
Utah,2006,243193,370864,1398474,0.034193,0.031091,0.001375,0.043198,0.098444,0.026417
Vermont,2006,50946,68687,415768,0.081474,0.114109,0.001151,0.109031,0.291595,0.067522
Virginia,2006,617354,798995,4833297,0.054569,0.06675,0.001154,0.076269,0.18574,0.044478
Washington,2006,534929,672222,4127451,0.055514,0.069816,0.001263,0.074011,0.190554,0.056214
West Virginia,2006,136317,181656,1221268,0.052822,0.06449,0.000889,0.063977,0.164205,0.033803
Wisconsin,2006,467728,619449,3562535,0.061544,0.072548,0.001117,0.070601,0.161807,0.03985
Wyoming,2006,42925,59433,327096,0.067516,0.089292,0.001219,0.080773,0.181262,0.04593
Alabama,2007,383012,499641,2945019,0.045213,0.046279,0.001078,0.052351,0.129917,0.030587
Alaska,2007,62685,75733,402686,0.061479,0.072432,0.001555,0.080049,0.202775,0.072042
Arizona,2007,537098,672122,3970487,0.054975,0.067064,0.001243,0.065748,0.160837,0.039644
Arkansas,2007,232677,293615,1798383,0.049327,0.065813,0.001289,0.056759,0.155053,0.038406
California,2007,3209102,4257978,22463775,0.055822,0.071455,0.001302,0.068799,0.172889,0.04616
Colorado,2007,387018,520149,3099040,0.074241,0.093812,0.001843,0.091267,0.234395,0.068407
Connecticut,2007,292219,356482,2270009,0.065952,0.072507,0.001313,0.077891,0.19784,0.04208
Delaware,2007,69899,92374,555898,0.053768,0.085359,0.001264,0.071903,0.221084,0.046013
District of Columbia,2007,37001,84647,382077,0.06832,0.08384,0.002097,0.072093,0.237239,0.067865
Florida,2007,1368710,1777472,12159193,0.051703,0.058111,0.00105,0.065489,0.156205,0.040436
Georgia,2007,824664,999107,5874242,0.052416,0.059523,0.001473,0.05409,0.147214,0.038672
Hawaii,2007,95794,128777,828347,0.06554,0.078045,0.000707,0.070893,0.173119,0.049735
Idaho,2007,132932,163520,913888,0.052843,0.053357,0.001247,0.070734,0.145533,0.039792
Illinois,2007,1082534,1442935,8046718,0.054559,0.064052,0.001222,0.061805,0.145582,0.036735
Indiana,2007,535015,677663,4001008,0.058043,0.074073,0.001155,0.075782,0.168662,0.042497
Iowa,2007,244378,340717,1894591,0.045071,0.050472,0.000946,0.051285,0.086173,0.020907
Kansas,2007,232244,321431,1708875,0.052933,0.064661,0.001074,0.062671,0.134736,0.033667
Kentucky,2007,339631,425520,2745161,0.064848,0.06256,0.00138,0.063754,0.159251,0.039568
Louisiana,2007,370852,513946,2648484,0.045225,0.054396,0.001153,0.052254,0.136458,0.033121
Maine,2007,102760,125395,897986,0.064102,0.085001,0.001427,0.091257,0.233801,0.059255
Maryland,2007,469557,598009,3582541,0.059261,0.077087,0.001199,0.062834,0.165953,0.034201
Massachusetts,2007,506225,733229,4219456,0.071578,0.090986,0.001468,0.081371,0.220109,0.043569
Michigan,2007,869168,1086307,6405116,0.05684,0.079897,0.001338,0.073572,0.19204,0.048992
Minnesota,2007,429517,576248,3308617,0.048991,0.081142,0.001305,0.066002,0.20953,0.047757
Mississippi,2007,256834,329777,1764673,0.042006,0.046892,0.000999,0.044608,0.115221,0.030647
Missouri,2007,488564,623849,3738674,0.053217,0.064418,0.001256,0.062987,0.152859,0.03651
Montana,2007,78003,105436,621245,0.067982,0.08564,0.001144,0.086464,0.229928,0.058073
Nebraska,2007,147219,208669,1092664,0.050072,0.050746,0.001029,0.063213,0.13505,0.031573
Nevada,2007,213693,241972,1646368,0.057274,0.062291,0.00154,0.075762,0.163176,0.045621
New Hampshire,2007,109279,132548,872225,0.069438,0.108794,0.00169,0.094315,0.265339,0.063186
New Jersey,2007,715118,858459,5652902,0.041979,0.058112,0.001033,0.056908,0.159904,0.03045
New Mexico,2007,167079,226011,1217991,0.071208,0.08571,0.001127,0.08271,0.164127,0.039592
New York,2007,1559314,2218415,12500501,0.057224,0.067316,0.00126,0.078263,0.213108,0.042833
North Carolina,2007,730031,926614,5782173,0.064608,0.064289,0.001352,0.069071,0.165556,0.042148
North Dakota,2007,49767,89213,391328,0.05115,0.067023,0.000922,0.053393,0.115541,0.034934
Ohio,2007,956958,1210200,7350420,0.059706,0.07031,0.001348,0.074474,0.168494,0.038394
Oklahoma,2007,295908,408764,2229744,0.048585,0.054592,0.001008,0.059809,0.115718,0.034142
Oregon,2007,295639,383360,2477185,0.070909,0.09469,0.001692,0.081648,0.218897,0.064941
Pennsylvania,2007,998611,1325852,8116495,0.053507,0.067257,0.001071,0.069422,0.153238,0.032944
Rhode Island,2007,83372,126249,680188,0.07462,0.106563,0.001561,0.093888,0.303829,0.074418
South Carolina,2007,359862,460337,2817192,0.048,0.05519,0.001148,0.054479,0.135721,0.035268
South Dakota,2007,66089,90910,494494,0.049303,0.064794,0.000963,0.061207,0.144867,0.034563
Tennessee,2007,496878,616545,3996018,0.04804,0.056401,0.001258,0.061191,0.168422,0.041083
Texas,2007,2107904,2702238,14256754,0.048825,0.049611,0.001144,0.057441,0.116967,0.028572
Utah,2007,248473,374336,1458451,0.038185,0.029575,0.001046,0.050748,0.098002,0.027512
Vermont,2007,49626,68089,417049,0.075163,0.104911,0.001444,0.109299,0.29685,0.068972
Virginia,2007,612162,820128,4873378,0.05662,0.06953,0.001423,0.067577,0.165384,0.038276
Washington,2007,528584,673412,4199736,0.05376,0.071441,0.00159,0.07146,0.173358,0.057558
West Virginia,2007,134149,177189,1224679,0.050883,0.057211,0.001079,0.062538,0.142878,0.032675
Wisconsin,2007,460365,613671,3601989,0.060349,0.074973,0.001228,0.072439,0.18041,0.043122
Wyoming,2007,42535,59260,332809,0.064904,0.072751,0.001141,0.072743,0.152034,0.03653
Alabama,2008,379377,505718,2974610,0.044659,0.05528,0.001161,0.056982,0.144948,0.033529
Alaska,2008,60678,77131,409778,0.063478,0.073291,0.001705,0.091426,0.251573,0.093036
Arizona,2008,538865,686141,4050064,0.061007,0.065833,0.001244,0.072811,0.170793,0.048591
Arkansas,2008,231516,295741,1818264,0.051486,0.069879,0.001231,0.067252,0.161576,0.043957
California,2008,3147890,4329856,22568441,0.066644,0.073858,0.001385,0.077004,0.186706,0.055653
Colorado,2008,384709,527605,3153539,0.081132,0.092346,0.001693,0.101734,0.24181,0.073098
Connecticut,2008,287870,363648,2276860,0.070949,0.089825,0.001365,0.08346,0.225566,0.046994
Delaware,2008,68911,93807,564013,0.066653,0.095529,0.001367,0.075448,0.226733,0.0429
District of Columbia,2008,35726,86607,385608,0.072511,0.083802,0.002443,0.074972,0.195891,0.060673
Florida,2008,1348640,1804515,12261205,0.053453,0.062188,0.001047,0.063121,0.152105,0.043509
Georgia,2008,822696,1013813,5963681,0.054625,0.068952,0.001671,0.055034,0.158672,0.044626
Hawaii,2008,93198,131005,828273,0.064159,0.075691,0.001146,0.077198,0.191485,0.068406
Idaho,2008,132962,164370,930335,0.054951,0.071773,0.001254,0.075024,0.141286,0.042057
Illinois,2008,1065750,1461607,8068047,0.056544,0.068488,0.001157,0.072873,0.162321,0.038588
Indiana,2008,529845,679069,4034745,0.058131,0.0737,0.001104,0.072384,0.164805,0.041743
Iowa,2008,240105,339894,1905387,0.053415,0.059712,0.000953,0.068807,0.116232,0.029243
Kansas,2008,229136,321796,1723761,0.056542,0.068497,0.000995,0.059702,0.130389,0.033965
Kentucky,2008,336896,428585,2771834,0.054605,0.060867,0.001392,0.052702,0.14246,0.032714
Louisiana,2008,370950,523818,2716104,0.038883,0.055345,0.001176,0.048155,0.151901,0.032556
Maine,2008,99629,125205,902774,0.054266,0.089731,0.001406,0.084288,0.261287,0.076914
Maryland,2008,459954,611079,3612130,0.056125,0.081974,0.001163,0.070136,0.170265,0.035552
Massachusetts,2008,498720,758227,4263188,0.071302,0.096895,0.001608,0.090888,0.248419,0.058375
Michigan,2008,842712,1086902,6402870,0.059749,0.087222,0.001345,0.078844,0.189865,0.055212
Minnesota,2008,421196,574322,3344152,0.048539,0.078855,0.001157,0.055844,0.171003,0.041301
Mississippi,2008,252527,331040,1778519,0.040899,0.052245,0.001115,0.050248,0.117201,0.031458
Missouri,2008,482442,626322,3786858,0.051104,0.071205,0.001204,0.057426,0.169066,0.041527
Montana,2008,76196,105444,629651,0.066719,0.097927,0.001275,0.087838,0.219899,0.057238
Nebraska,2008,144863,208854,1100620,0.044827,0.063231,0.000971,0.060883,0.14699,0.035029
Nevada,2008,214026,246764,1668924,0.071596,0.065514,0.00145,0.089631,0.183422,0.05057
New Hampshire,2008,106508,133724,880070,0.062904,0.105347,0.001486,0.096595,0.272807,0.069093
New Jersey,2008,702953,871610,5658877,0.048922,0.076888,0.001011,0.061623,0.174215,0.029863
New Mexico,2008,163513,227941,1230799,0.078446,0.080087,0.001233,0.092468,0.15738,0.044924
New York,2008,1535172,2262614,12574826,0.060525,0.073843,0.001346,0.085013,0.230887,0.04867
North Carolina,2008,727969,947518,5878891,0.062377,0.066701,0.001324,0.071924,0.168518,0.044864
North Dakota,2008,48559,88745,395073,0.04282,0.065944,0.000843,0.050577,0.106528,0.033003
Ohio,2008,939669,1213022,7401492,0.05593,0.074706,0.001279,0.076319,0.17263,0.038871
Oklahoma,2008,293240,409494,2253581,0.048654,0.057667,0.001091,0.062312,0.141847,0.039626
Oregon,2008,292301,386957,2507377,0.078746,0.096276,0.001895,0.086555,0.238712,0.071096
Pennsylvania,2008,980441,1342616,8192882,0.053672,0.074715,0.001044,0.071946,0.170768,0.037977
Rhode Island,2008,81128,127468,679594,0.071963,0.09161,0.001612,0.090916,0.271445,0.069428
South Carolina,2008,356186,469765,2872669,0.047737,0.064086,0.001184,0.055453,0.168815,0.041604
South Dakota,2008,64983,90798,500732,0.051693,0.067,0.00093,0.066119,0.135474,0.034383
Tennessee,2008,494043,622376,4049989,0.041055,0.059952,0.001201,0.051871,0.166391,0.037243
Texas,2008,2113980,2737418,14523007,0.052017,0.058589,0.001143,0.061057,0.134467,0.029057
Utah,2008,252460,376060,1500232,0.039417,0.036412,0.001033,0.047849,0.082093,0.022704
Vermont,2008,47705,68523,419240,0.07372,0.119301,0.001533,0.097333,0.305584,0.077549
Virginia,2008,604833,835958,4928699,0.059806,0.075869,0.001332,0.06331,0.157021,0.034495
Washington,2008,522369,685351,4262578,0.056826,0.085304,0.001593,0.077353,0.17194,0.055324
West Virginia,2008,132189,176668,1229556,0.053306,0.057617,0.001163,0.057434,0.174597,0.037415
Wisconsin,2008,450304,615402,3632151,0.061569,0.083917,0.00115,0.071997,0.174881,0.041638
Wyoming,2008,42168,60175,339021,0.064722,0.076961,0.00107,0.07553,0.155033,0.033653
Alabama,2009,375942,515510,2993410,0.045413,0.057413,0.001323,0.057453,0.139016,0.032954
Alaska,2009,58753,81679,414553,0.068671,0.081597,0.002395,0.086358,0.244636,0.098197
Arizona,2009,538672,698979,4111148,0.063267,0.063538,0.001716,0.075801,0.159488,0.047825
Arkansas,2009,231881,301928,1833369,0.050029,0.062495,0.00137,0.06384,0.13879,0.039581
California,2009,3101979,4325900,22773074,0.068778,0.074041,0.002039,0.085956,0.199448,0.059631
Colorado,2009,381533,549726,3192744,0.093085,0.096112,0.0021,0.099088,0.263492,0.088579
Connecticut,2009,283906,375156,2285109,0.072289,0.105073,0.001488,0.088613,0.235559,0.049582
Delaware,2009,67805,94200,572665,0.072456,0.092415,0.001442,0.084937,0.210535,0.04478
District of Columbia,2009,34683,86622,392811,0.07527,0.094427,0.002022,0.093062,0.21136,0.076694
Florida,2009,1336737,1850052,12361513,0.056871,0.064015,0.001402,0.06916,0.17224,0.043318
Georgia,2009,820145,1050786,6022823,0.060873,0.06584,0.001501,0.064219,0.149104,0.037269
Hawaii,2009,91104,131160,827725,0.068462,0.082371,0.002116,0.078972,0.198945,0.059664
Idaho,2009,131965,171302,939631,0.057095,0.075191,0.001627,0.076283,0.164873,0.0556
Illinois,2009,1053276,1460312,8097288,0.056662,0.076858,0.00139,0.075303,0.187865,0.041477
Indiana,2009,525525,701086,4047093,0.056354,0.070173,0.001317,0.066832,0.174959,0.04045
Iowa,2009,236022,350071,1908202,0.059671,0.07043,0.001318,0.069401,0.142729,0.029911
Kansas,2009,226545,330970,1730522,0.05609,0.064838,0.001424,0.064218,0.140734,0.035181
Kentucky,2009,334420,446645,2781361,0.051507,0.061784,0.00152,0.054407,0.14256,0.0293
Louisiana,2009,367519,527254,2756163,0.041064,0.05587,0.001424,0.052811,0.157613,0.031654
Maine,2009,96374,128182,903556,0.059333,0.09053,0.001553,0.089356,0.273381,0.073598
Maryland,2009,452038,616208,3653639,0.055942,0.080141,0.001216,0.070738,0.190067,0.038128
Massachusetts,2009,494016,766014,4324616,0.080167,0.098247,0.00184,0.10272,0.279755,0.069233
Michigan,2009,822105,1097830,6398696,0.060387,0.089292,0.001469,0.080901,0.200577,0.064719
Minnesota,2009,413410,583280,3372460,0.054237,0.07649,0.001445,0.060923,0.167565,0.040472
Mississippi,2009,248816,336097,1784646,0.041618,0.052912,0.001329,0.052236,0.12574,0.031481
Missouri,2009,476436,643637,3819620,0.056103,0.065009,0.001425,0.064236,0.174365,0.041818
Montana,2009,73735,110260,633252,0.075259,0.116843,0.001847,0.096084,0.227135,0.068431
Nebraska,2009,142549,214428,1106278,0.045193,0.064402,0.001346,0.06296,0.15443,0.039814
Nevada,2009,212438,257198,1680228,0.065137,0.06373,0.001773,0.076103,0.181645,0.052205
New Hampshire,2009,103281,140176,883622,0.074198,0.106096,0.001678,0.115103,0.282909,0.068841
New Jersey,2009,695052,873788,5686972,0.060017,0.087198,0.001453,0.072054,0.179525,0.035774
New Mexico,2009,161555,228756,1244885,0.082723,0.081207,0.00236,0.0934,0.19248,0.05411
New York,2009,1509858,2236966,12648267,0.05709,0.074308,0.001641,0.085781,0.214614,0.052197
North Carolina,2009,723670,986404,5935653,0.05358,0.068498,0.001313,0.070991,0.197213,0.049574
North Dakota,2009,47211,92922,397148,0.045227,0.061355,0.001279,0.044013,0.099789,0.027075
Ohio,2009,924820,1214036,7442306,0.056801,0.075904,0.001379,0.076143,0.183419,0.038123
Oklahoma,2009,292084,419077,2272080,0.055546,0.060702,0.001599,0.071711,0.173637,0.049399
Oregon,2009,288096,401242,2525156,0.074868,0.09059,0.001951,0.094631,0.23883,0.08105
Pennsylvania,2009,962444,1360835,8272159,0.058092,0.082729,0.001252,0.074038,0.191828,0.038772
Rhode Island,2009,79655,129145,684072,0.071737,0.101317,0.001903,0.096273,0.298323,0.073444
South Carolina,2009,352096,480982,2912325,0.048852,0.070679,0.001255,0.057415,0.175925,0.040967
South Dakota,2009,63682,93602,505557,0.048353,0.070433,0.001382,0.055108,0.133074,0.033179
Tennessee,2009,491069,646257,4079971,0.042573,0.066548,0.001341,0.053358,0.141703,0.030926
Texas,2009,2125058,2813275,14745138,0.054812,0.064815,0.001605,0.064903,0.147401,0.034643
Utah,2009,254680,379390,1528461,0.040253,0.039633,0.001622,0.03675,0.077419,0.018973
Vermont,2009,45631,72557,419057,0.082052,0.124663,0.001703,0.106452,0.320093,0.081524
Virginia,2009,598313,865844,4976551,0.05642,0.076452,0.001379,0.067425,0.173969,0.037343
Washington,2009,516464,706882,4324124,0.062072,0.093696,0.001928,0.080059,0.227394,0.066933
West Virginia,2009,130503,183731,1227612,0.055586,0.064012,0.001437,0.061417,0.188903,0.040312
Wisconsin,2009,440921,634912,3641561,0.063619,0.070396,0.001328,0.0687,0.15811,0.037605
Wyoming,2009,41288,62918,342522,0.065913,0.079664,0.001607,0.070735,0.152612,0.033518
Alabama,2010,386718,535455,3052348,0.046016,0.055941,0.001186,0.058274,0.142542,0.036742
Alaska,2010,61192,77636,424976,0.075084,0.084852,0.003763,0.10133,0.245936,0.091815
Arizona,2010,535234,700156,4014024,0.065199,0.070161,0.001889,0.086906,0.158636,0.053045
Arkansas,2010,234810,316170,1851278,0.050917,0.056705,0.001123,0.054889,0.139972,0.033198
California,2010,3195149,4379387,23321879,0.071888,0.083529,0.002439,0.096231,0.2112,0.061146
Colorado,2010,395318,548890,3212230,0.091675,0.095717,0.002292,0.107136,0.270207,0.079501
Connecticut,2010,293487,364200,2350212,0.067089,0.088482,0.001956,0.088313,0.208153,0.049083
Delaware,2010,69567,99853,583371,0.072242,0.09843,0.002148,0.090886,0.198701,0.041265
District of Columbia,2010,31644,98663,399778,0.079708,0.114586,0.00451,0.109737,0.227546,0.07558
Florida,2010,1383191,1933760,12708633,0.05471,0.072213,0.00162,0.069053,0.185962,0.042534
Georgia,2010,821577,1066108,5997840,0.060986,0.055241,0.001643,0.062721,0.141449,0.030268
Hawaii,2010,99395,134011,878476,0.071808,0.077147,0.00272,0.087555,0.168174,0.043987
Idaho,2010,137928,172570,956472,0.055538,0.063054,0.001251,0.073899,0.152792,0.053594
Illinois,2010,1069760,1393734,8165781,0.056685,0.075273,0.001862,0.073455,0.198484,0.046688
Indiana,2010,540996,726313,4081667,0.051576,0.072859,0.001334,0.058847,0.175231,0.046188
Iowa,2010,241547,344598,1944254,0.053362,0.072199,0.001222,0.062948,0.163777,0.032191
Kansas,2010,235977,319632,1761207,0.062859,0.065141,0.001357,0.062539,0.147702,0.036269
Kentucky,2010,340083,456240,2789768,0.056431,0.054213,0.001322,0.058698,0.15594,0.035072
Louisiana,2010,368184,525362,2810803,0.046886,0.05305,0.001479,0.056093,0.135897,0.029267
Maine,2010,98025,129424,913496,0.063783,0.087563,0.001849,0.086686,0.235707,0.056412
Maryland,2010,464119,622291,3742499,0.058527,0.066953,0.002092,0.065494,0.174974,0.031232
Massachusetts,2010,498579,763633,4320664,0.082057,0.10119,0.002744,0.111513,0.2859,0.067141
Michigan,2010,826549,1088897,6365041,0.061711,0.084756,0.001876,0.081531,0.209826,0.06484
Minnesota,2010,426996,571065,3419350,0.05804,0.071786,0.001885,0.072178,0.189096,0.04062
Mississippi,2010,249977,333665,1819793,0.049852,0.049128,0.001271,0.06141,0.144326,0.039582
Missouri,2010,478541,653980,3823426,0.06024,0.055127,0.001474,0.071918,0.184372,0.03731
Montana,2010,74688,106003,651403,0.091926,0.101056,0.001891,0.101296,0.262827,0.074627
Nebraska,2010,146828,205186,1143103,0.048134,0.059994,0.001426,0.061898,0.144184,0.034582
Nevada,2010,219015,279716,1733566,0.070641,0.083724,0.001967,0.082907,0.192767,0.057693
New Hampshire,2010,104712,137371,883019,0.081548,0.100791,0.002249,0.113879,0.276447,0.049543
New Jersey,2010,717188,866637,5785457,0.06609,0.083959,0.002188,0.079447,0.192928,0.045202
New Mexico,2010,170679,225076,1293249,0.087359,0.083477,0.002166,0.09527,0.210506,0.057743
New York,2010,1497645,2236959,12651349,0.057246,0.072111,0.002352,0.07937,0.196376,0.05283
North Carolina,2010,752637,1007676,6102077,0.060641,0.078027,0.001323,0.08024,0.208524,0.04625
North Dakota,2010,49024,89035,423460,0.049049,0.061069,0.00144,0.055367,0.118746,0.024749
Ohio,2010,938484,1227142,7436917,0.057705,0.075047,0.001639,0.069457,0.181524,0.043201
Oklahoma,2010,301684,420490,2336963,0.055016,0.05575,0.001314,0.069053,0.150335,0.046955
Oregon,2010,291949,408353,2544311,0.070139,0.089386,0.001901,0.100674,0.254129,0.089083
Pennsylvania,2010,977609,1402639,8359212,0.056243,0.081123,0.001676,0.070043,0.182619,0.041377
Rhode Island,2010,79365,132016,682132,0.078503,0.110835,0.002476,0.116345,0.313992,0.083121
South Carolina,2010,356898,510126,2966560,0.05981,0.063499,0.00135,0.065124,0.164194,0.039525
South Dakota,2010,64595,90572,509409,0.052961,0.059786,0.001403,0.062288,0.130178,0.031634
Tennessee,2010,502882,675875,4110667,0.050097,0.062563,0.001328,0.058871,0.149263,0.037224
Texas,2010,2243713,2871691,15188973,0.053982,0.066192,0.001504,0.061431,0.145033,0.033972
Utah,2010,262463,362693,1532125,0.043559,0.042625,0.000945,0.041664,0.080409,0.0234
Vermont,2010,46814,72220,420783,0.093546,0.091072,0.002348,0.137695,0.343593,0.088665
Virginia,2010,620009,874464,5117877,0.059103,0.077178,0.001844,0.069789,0.182321,0.036072
Washington,2010,531313,729323,4373484,0.070543,0.087041,0.002215,0.097657,0.256007,0.071218
West Virginia,2010,131816,188497,1252067,0.062838,0.076877,0.001172,0.070736,0.198123,0.037357
Wisconsin,2010,455693,617748,3678180,0.050872,0.061136,0.001602,0.070246,0.163828,0.041768
Wyoming,2010,42751,62674,358902,0.057743,0.060878,0.001328,0.060772,0.136058,0.033573
Alabama,2011,385060,536921,3073532,0.049418,0.059523,0.001111,0.056178,0.143431,0.033842
Alaska,2011,60614,80497,432040,0.066957,0.086467,0.004221,0.100066,0.247744,0.111808
Arizona,2011,537268,709377,4077362,0.064543,0.07634,0.002233,0.083663,0.171975,0.053283
Arkansas,2011,235330,317333,1864363,0.051741,0.057334,0.001294,0.060093,0.147087,0.03605
California,2011,3156459,4427350,23658234,0.068288,0.088187,0.002464,0.088284,0.217413,0.067418
Colorado,2011,397449,556502,3270160,0.074917,0.094264,0.002458,0.104707,0.268145,0.076328
Connecticut,2011,290956,369988,2363818,0.066258,0.093216,0.002276,0.087186,0.236636,0.060139
Delaware,2011,69055,101269,590737,0.073237,0.099408,0.002373,0.095798,0.209529,0.0495
District of Columbia,2011,31373,96533,411604,0.083679,0.116866,0.005169,0.093503,0.244882,0.072386
Florida,2011,1381693,1959129,12916437,0.056374,0.070311,0.001681,0.070285,0.190181,0.047279
Georgia,2011,824731,1085263,6074730,0.056296,0.059765,0.001595,0.072017,0.166463,0.038805
Hawaii,2011,97800,138119,887821,0.071013,0.081484,0.00313,0.096872,0.181542,0.056945
Idaho,2011,139014,173198,969335,0.053987,0.061527,0.001604,0.062064,0.130872,0.037652
Illinois,2011,1057464,1393927,8215103,0.056975,0.077633,0.001904,0.069398,0.202745,0.04791
Indiana,2011,540292,729904,4108332,0.054914,0.075722,0.001709,0.062483,0.167842,0.043144
Iowa,2011,241228,346249,1956812,0.055788,0.072569,0.001334,0.066547,0.168444,0.041307
Kansas,2011,236049,321178,1772671,0.050761,0.067218,0.001459,0.054686,0.113433,0.025518
Kentucky,2011,339685,459703,2803041,0.054288,0.057901,0.001482,0.060605,0.173521,0.036452
Louisiana,2011,367339,524049,2841017,0.043358,0.061816,0.001559,0.050068,0.130044,0.030154
Maine,2011,96430,129601,918180,0.067226,0.084177,0.002231,0.089427,0.226617,0.062943
Maryland,2011,459636,628350,3789736,0.060969,0.077133,0.002015,0.075391,0.175341,0.036595
Massachusetts,2011,494412,768767,4368462,0.076635,0.110912,0.002827,0.105807,0.257718,0.063379
Michigan,2011,814217,1098296,6392662,0.064592,0.084179,0.002045,0.088938,0.221251,0.066092
Minnesota,2011,424745,570686,3457060,0.056205,0.080593,0.002065,0.072741,0.175796,0.043253
Mississippi,2011,248417,335677,1830270,0.04709,0.058159,0.001278,0.063181,0.158616,0.038803
Missouri,2011,475157,654561,3846810,0.059242,0.062801,0.001499,0.072789,0.174071,0.038303
Montana,2011,74042,107193,657558,0.083974,0.099672,0.002073,0.095551,0.265111,0.079432
Nebraska,2011,147027,205521,1153600,0.052071,0.069503,0.001514,0.065293,0.148266,0.0374
Nevada,2011,219786,282581,1757473,0.070525,0.090902,0.002187,0.087663,0.200119,0.064351
New Hampshire,2011,102838,138951,888797,0.0787,0.115815,0.002612,0.096056,0.263713,0.054067
New Jersey,2011,710612,876279,5826415,0.059936,0.080175,0.001828,0.068503,0.192595,0.039585
New Mexico,2011,169342,226502,1303353,0.089347,0.078908,0.002433,0.098174,0.213495,0.069354
New York,2011,1474700,2242476,12760358,0.056847,0.079295,0.002414,0.078636,0.213476,0.059805
North Carolina,2011,757390,1024771,6176978,0.05555,0.067393,0.001331,0.076909,0.192801,0.042425
North Dakota,2011,48873,91747,430829,0.045192,0.068158,0.001577,0.060163,0.144436,0.030719
Ohio,2011,929629,1230773,7466946,0.063093,0.079385,0.001805,0.075317,0.192217,0.053882
Oklahoma,2011,304074,423379,2358834,0.056329,0.058127,0.001598,0.063675,0.1414,0.045468
Oregon,2011,291972,409608,2575672,0.065338,0.097673,0.002718,0.098649,0.258063,0.102506
Pennsylvania,2011,964004,1405623,8405726,0.054267,0.08308,0.001742,0.068702,0.175439,0.041975
Rhode Island,2011,77839,132549,684237,0.086093,0.10944,0.002613,0.124411,0.301577,0.097447
South Carolina,2011,357301,513846,3005444,0.063509,0.064147,0.001512,0.072413,0.192365,0.051518
South Dakota,2011,64463,91190,516437,0.050978,0.063066,0.001532,0.06444,0.139457,0.042843
Tennessee,2011,504106,683640,4150263,0.052341,0.058729,0.00139,0.059182,0.147022,0.038117
Texas,2011,2265694,2919940,15484139,0.052623,0.068939,0.001473,0.063221,0.137608,0.032984
Utah,2011,268417,363323,1563689,0.03675,0.042204,0.001063,0.051232,0.098319,0.030353
Vermont,2011,45855,72804,422511,0.094341,0.091215,0.002863,0.133563,0.33179,0.093389
Virginia,2011,618558,885563,5187508,0.063886,0.082646,0.00201,0.066097,0.170611,0.034406
Washington,2011,528978,735790,4437371,0.066267,0.083495,0.002379,0.094486,0.234442,0.081069
West Virginia,2011,131265,189182,1253581,0.067487,0.076737,0.001306,0.06634,0.17545,0.03292
Wisconsin,2011,451821,617016,3706797,0.051987,0.065545,0.00173,0.077821,0.181832,0.046534
Wyoming,2011,42890,63165,364101,0.054178,0.060296,0.001609,0.059995,0.130589,0.043608
Alabama,2012,383469,536933,3094837,0.047793,0.059105,0.001261,0.048132,0.13931,0.034086
Alaska,2012,60264,82442,434523,0.060099,0.083802,0.004996,0.087288,0.210617,0.106027
Arizona,2012,540502,720761,4141839,0.065335,0.072767,0.002604,0.082504,0.185379,0.059773
Arkansas,2012,236508,318730,1873816,0.058017,0.06035,0.001875,0.056791,0.142836,0.042338
California,2012,3117442,4458805,24005740,0.060075,0.083682,0.002611,0.078021,0.216443,0.067234
Colorado,2012,402137,565276,3332461,0.079202,0.099404,0.00375,0.111633,0.290498,0.10128
Connecticut,2012,288704,376034,2375197,0.073655,0.090961,0.002409,0.085655,0.244057,0.065497
Delaware,2012,68333,102080,599773,0.073877,0.090933,0.002424,0.091523,0.207475,0.056755
District of Columbia,2012,30856,94677,424447,0.090718,0.108464,0.004603,0.098923,0.255291,0.091442
Florida,2012,1385416,1972330,13133353,0.061447,0.070068,0.001852,0.075221,0.190938,0.051206
Georgia,2012,831609,1100053,6155586,0.05497,0.062082,0.001697,0.071393,0.181265,0.059287
Hawaii,2012,97086,140225,896059,0.065953,0.074992,0.003828,0.09552,0.188385,0.069064
Idaho,2012,140843,173004,983206,0.05564,0.057817,0.002157,0.056143,0.140537,0.040277
Illinois,2012,1045769,1394500,8256950,0.054938,0.076295,0.002076,0.06262,0.20074,0.048237
Indiana,2012,541016,734767,4135390,0.052653,0.078044,0.002083,0.059709,0.177279,0.04282
Iowa,2012,241811,349004,1968010,0.050792,0.077228,0.001813,0.062465,0.163095,0.041184
Kansas,2012,237185,323430,1779494,0.043006,0.065538,0.001781,0.05089,0.122326,0.02896
Kentucky,2012,339960,464737,2815636,0.04577,0.06643,0.00173,0.050749,0.165595,0.03531
Louisiana,2012,367827,521917,2870080,0.050283,0.060995,0.001589,0.05094,0.145845,0.033328
Maine,2012,94988,128694,923093,0.062973,0.106022,0.002668,0.092609,0.247109,0.079523
Maryland,2012,457152,631368,3837914,0.068337,0.08647,0.002142,0.07505,0.199877,0.047287
Massachusetts,2012,491273,775063,4420226,0.065645,0.118002,0.002911,0.089,0.26641,0.070714
Michigan,2012,805764,1107310,6419614,0.069843,0.087122,0.002507,0.091255,0.221508,0.076361
Minnesota,2012,424639,571439,3494114,0.047712,0.077598,0.002458,0.066868,0.171395,0.043747
Mississippi,2012,247257,337204,1839846,0.044575,0.0585,0.001347,0.051301,0.1516,0.032562
Missouri,2012,472889,655094,3869695,0.06227,0.078913,0.002038,0.071044,0.201512,0.04883
Montana,2012,73896,108999,663344,0.061232,0.087485,0.002637,0.086819,0.230417,0.08438
Nebraska,2012,148030,207051,1162770,0.055352,0.059729,0.001857,0.062441,0.150702,0.036798
Nevada,2012,221167,285463,1788826,0.060721,0.075439,0.002708,0.08329,0.185582,0.062526
New Hampshire,2012,101207,140004,894572,0.078344,0.131745,0.003188,0.096203,0.277749,0.069851
New Jersey,2012,706126,884775,5868068,0.054411,0.071729,0.001821,0.053769,0.154776,0.036403
New Mexico,2012,168112,228037,1308966,0.080141,0.069736,0.00307,0.09219,0.193347,0.072261
New York,2012,1456617,2243318,12875810,0.058223,0.076579,0.002491,0.081249,0.203655,0.061955
North Carolina,2012,764610,1041859,6254266,0.052029,0.064652,0.001632,0.066658,0.166364,0.043587
North Dakota,2012,49581,96345,439830,0.039464,0.06952,0.001851,0.051912,0.140415,0.032568
Ohio,2012,925827,1235683,7496795,0.058139,0.08046,0.002152,0.073561,0.187621,0.057913
Oklahoma,2012,306820,426492,2381640,0.048571,0.060575,0.002031,0.051596,0.144292,0.040263
Oregon,2012,292050,411744,2606713,0.06904,0.089304,0.003964,0.095863,0.233868,0.103717
Pennsylvania,2012,951880,1397926,8449649,0.057396,0.084636,0.001893,0.068149,0.190136,0.043371
Rhode Island,2012,76543,132076,687705,0.081679,0.109022,0.003213,0.129528,0.297904,0.111836
South Carolina,2012,359524,519243,3047485,0.066522,0.070377,0.001794,0.071097,0.187513,0.048134
South Dakota,2012,64901,92359,523437,0.041988,0.06311,0.001748,0.051349,0.126812,0.036713
Tennessee,2012,505317,692825,4187386,0.051754,0.058955,0.001614,0.060432,0.150056,0.037693
Texas,2012,2295567,2964444,15777963,0.047877,0.063425,0.001673,0.058335,0.138797,0.036235
Utah,2012,275660,367327,1593468,0.035328,0.041354,0.001705,0.053532,0.109111,0.036834
Vermont,2012,45030,73369,423650,0.081191,0.113543,0.003103,0.113443,0.287391,0.088818
Virginia,2012,619956,893349,5256298,0.056825,0.077613,0.002118,0.060509,0.170258,0.044867
Washington,2012,529852,738145,4498893,0.065384,0.082729,0.003076,0.098075,0.255554,0.103922
West Virginia,2012,130671,189908,1253753,0.054456,0.060292,0.001707,0.052252,0.148767,0.035653
Wisconsin,2012,449677,617207,3732300,0.061649,0.069475,0.002136,0.071843,0.184624,0.044241
Wyoming,2012,43516,63905,369343,0.054907,0.062084,0.002206,0.059534,0.141181,0.043735
Alabama,2013,382134,535409,3116298,0.04459,0.06041,0.00149,0.04981,0.150424,0.04028
Alaska,2013,59900,83456,435577,0.069865,0.090444,0.0052,0.091884,0.213009,0.104227
Arizona,2013,543484,732863,4218271,0.065845,0.080035,0.002597,0.082996,0.200441,0.069037
Arkansas,2013,236666,319372,1883371,0.057799,0.066292,0.002047,0.062205,0.162135,0.051487
California,2013,3080548,4469106,24421137,0.061609,0.085629,0.002854,0.087369,0.210463,0.070944
Colorado,2013,408429,575557,3398728,0.091278,0.101944,0.003942,0.12557,0.312392,0.124476
Connecticut,2013,286281,381473,2382534,0.070991,0.090123,0.002546,0.079112,0.224147,0.063385
Delaware,2013,67991,101239,610148,0.064377,0.089971,0.002487,0.082218,0.211136,0.060866
District of Columbia,2013,30551,93509,435643,0.091113,0.106221,0.0055,0.105563,0.24722,0.101379
Florida,2013,1390131,1980707,13387121,0.059496,0.074764,0.002002,0.075087,0.203198,0.057034
Georgia,2013,838199,1108195,6240700,0.049531,0.065229,0.00198,0.060592,0.176392,0.062424
Hawaii,2013,96971,140686,904925,0.065123,0.064284,0.004341,0.076521,0.15874,0.066779
Idaho,2013,142945,173361,999689,0.061451,0.065719,0.002012,0.063851,0.142764,0.049623
Illinois,2013,1033794,1394857,8297420,0.048776,0.078569,0.002349,0.067481,0.196225,0.057353
Indiana,2013,541174,740165,4164196,0.055258,0.092679,0.002293,0.065231,0.203067,0.053848
Iowa,2013,242393,352842,1979684,0.042376,0.080255,0.0018,0.051744,0.140096,0.034038
Kansas,2013,237609,325999,1786820,0.050011,0.075425,0.002066,0.058485,0.151084,0.048065
Kentucky,2013,340101,470972,2832115,0.041846,0.062095,0.001802,0.056292,0.174908,0.050948
Louisiana,2013,367862,519036,2899670,0.049919,0.068988,0.001754,0.055532,0.159912,0.044164
Maine,2013,93811,127380,928319,0.069447,0.125323,0.002838,0.098962,0.283778,0.107687
Maryland,2013,455684,629854,3882314,0.065736,0.087776,0.00262,0.080509,0.234189,0.062006
Massachusetts,2013,488765,782118,4469726,0.065174,0.111638,0.003173,0.088829,0.287434,0.090849
Michigan,2013,797647,1114774,6446918,0.065532,0.089143,0.002699,0.08085,0.231684,0.081957
Minnesota,2013,425247,571816,3529926,0.046758,0.07473,0.00255,0.067477,0.197439,0.053239
Mississippi,2013,245600,338718,1849489,0.046135,0.053951,0.001524,0.056026,0.163903,0.039471
Missouri,2013,470976,656394,3894492,0.055521,0.088774,0.002247,0.064496,0.216802,0.058521
Montana,2013,74121,110655,669411,0.052378,0.066894,0.002539,0.082989,0.205712,0.084862
Nebraska,2013,149327,209508,1171452,0.042384,0.064079,0.001979,0.055405,0.161879,0.039656
Nevada,2013,221704,287435,1826942,0.06145,0.088423,0.002948,0.079695,0.180072,0.061266
New Hampshire,2013,99717,141165,900190,0.076946,0.119264,0.003382,0.098306,0.300913,0.087847
New Jersey,2013,701644,890874,5907201,0.054847,0.074751,0.002306,0.063626,0.165966,0.047389
New Mexico,2013,166639,228647,1314755,0.06941,0.065704,0.002816,0.079843,0.193231,0.080595
New York,2013,1440280,2239134,12988411,0.056629,0.07634,0.002807,0.077521,0.195743,0.067018
North Carolina,2013,771607,1054654,6339066,0.054693,0.068608,0.002029,0.065084,0.161881,0.051478
North Dakota,2013,50733,100601,448656,0.042422,0.064344,0.002064,0.055963,0.140541,0.039482
Ohio,2013,922292,1235723,7534236,0.051011,0.080447,0.002176,0.060356,0.178864,0.052402
Oklahoma,2013,309426,429192,2404755,0.053723,0.065749,0.002078,0.055248,0.157621,0.046093
Oregon,2013,291323,413626,2641759,0.073382,0.092745,0.003646,0.101936,0.248535,0.106773
Pennsylvania,2013,941238,1382616,8494600,0.053194,0.079052,0.002122,0.069987,0.193604,0.053446
Rhode Island,2013,75717,131028,692945,0.060241,0.102541,0.002792,0.106933,0.289032,0.099232
South Carolina,2013,362044,521862,3096686,0.061668,0.069014,0.001965,0.061563,0.168939,0.048804
South Dakota,2013,65627,93403,529318,0.042196,0.064074,0.001819,0.053161,0.130247,0.033043
Tennessee,2013,506479,700245,4226870,0.043526,0.060197,0.00171,0.056968,0.147171,0.040115
Texas,2013,2327085,3010183,16119667,0.047859,0.060642,0.001854,0.06121,0.150588,0.042115
Utah,2013,282277,372803,1623929,0.034523,0.046881,0.001803,0.05417,0.115524,0.042453
Vermont,2013,44408,73820,424696,0.072004,0.129056,0.003076,0.114017,0.305981,0.104153
Virginia,2013,622264,896567,5318077,0.048924,0.082866,0.002249,0.058852,0.178497,0.051189
Washington,2013,530795,741218,4566571,0.067047,0.087546,0.003313,0.100635,0.24468,0.112147
West Virginia,2013,129873,190362,1252711,0.047456,0.065273,0.001768,0.055965,0.169905,0.047508
Wisconsin,2013,448046,620976,3753413,0.060611,0.081845,0.002347,0.071787,0.175037,0.045454
Wyoming,2013,44128,63910,371861,0.052837,0.069656,0.00216,0.061909,0.160011,0.046659
Alabama,2014,380801,530600,3138127,0.043638,0.063945,0.001978,0.051607,0.143339,0.038612
Alaska,2014,59194,83247,438664,0.075236,0.106925,0.007418,0.106409,0.2502,0.128295
Arizona,2014,546470,741492,4307838,0.060925,0.083572,0.003482,0.077136,0.189153,0.068149
Arkansas,2014,236359,318914,1895228,0.053731,0.070826,0.002583,0.064556,0.169316,0.056246
California,2014,3054845,4457598,24866806,0.058903,0.081688,0.004183,0.083226,0.20523,0.078961
Colorado,2014,415441,587313,3473655,0.081624,0.120499,0.005312,0.111262,0.317456,0.146488
Connecticut,2014,283053,385831,2387658,0.066127,0.098039,0.003726,0.083382,0.249924,0.072538
Delaware,2014,68597,99525,621612,0.052925,0.077333,0.002896,0.074151,0.211882,0.060147
District of Columbia,2014,30707,93667,444939,0.082632,0.129804,0.007819,0.088528,0.261938,0.091383
Florida,2014,1399768,1984453,13702886,0.055685,0.073867,0.002805,0.067806,0.207419,0.060076
Georgia,2014,846476,1114618,6338910,0.051748,0.075816,0.002795,0.069189,0.185907,0.060049
Hawaii,2014,96910,140448,916539,0.063111,0.069882,0.005939,0.061508,0.160947,0.068807
Idaho,2014,144818,174351,1017451,0.055017,0.061341,0.002464,0.065063,0.136927,0.050611
Illinois,2014,1023238,1388172,8326464,0.045919,0.079712,0.00288,0.065508,0.196302,0.061264
Indiana,2014,540670,742735,4189743,0.059716,0.089724,0.003277,0.08082,0.207127,0.066723
Iowa,2014,242812,356929,1990458,0.043103,0.07905,0.002073,0.053005,0.126705,0.033021
Kansas,2014,237562,328661,1795749,0.050098,0.072792,0.002567,0.064305,0.157258,0.058489
Kentucky,2014,339643,472877,2847963,0.046209,0.06477,0.002344,0.063565,0.167165,0.055411
Louisiana,2014,367670,513576,2928109,0.044601,0.078033,0.002403,0.05332,0.162212,0.04708
Maine,2014,92645,125931,932783,0.074493,0.103072,0.004159,0.100114,0.297203,0.118448
Maryland,2014,454564,625779,3923318,0.061218,0.098627,0.00378,0.092047,0.248669,0.072389
Massachusetts,2014,488093,788758,4519295,0.0682,0.10164,0.004296,0.092247,0.273871,0.09207
Michigan,2014,788717,1114570,6479469,0.057885,0.081716,0.003477,0.080626,0.227763,0.081415
Minnesota,2014,425999,571903,3562031,0.043883,0.083569,0.002915,0.062142,0.193011,0.058807
Mississippi,2014,244465,337215,1859652,0.044066,0.059163,0.001834,0.052902,0.1391,0.038126
Missouri,2014,470263,656687,3918803,0.056199,0.090613,0.002822,0.065609,0.194561,0.062782
Montana,2014,74378,111496,676207,0.061936,0.086723,0.003789,0.08706,0.228778,0.094053
Nebraska,2014,151059,211662,1179809,0.035086,0.071274,0.002203,0.052565,0.168339,0.045256
Nevada,2014,222788,288699,1872598,0.06276,0.098506,0.003853,0.07393,0.170521,0.064278
New Hampshire,2014,98378,142433,905672,0.068231,0.108815,0.004671,0.094439,0.291186,0.096547
New Jersey,2014,697509,894294,5945550,0.049856,0.078294,0.002969,0.068097,0.189602,0.052285
New Mexico,2014,165438,227077,1322519,0.067111,0.068981,0.003564,0.085316,0.206075,0.085479
New York,2014,1427531,2228431,13092078,0.054306,0.086267,0.003554,0.075509,0.226869,0.075425
North Carolina,2014,777550,1062442,6428523,0.053514,0.078147,0.002653,0.05973,0.190412,0.055115
North Dakota,2014,51690,103308,457339,0.049115,0.066754,0.002571,0.06211,0.147704,0.039329
Ohio,2014,917272,1229015,7573265,0.049008,0.079207,0.002707,0.060522,0.195497,0.05912
Oklahoma,2014,312268,431096,2427465,0.056206,0.060258,0.002737,0.054207,0.148658,0.048177
Oregon,2014,291273,414709,2686806,0.068461,0.097358,0.004512,0.09422,0.262943,0.109932
Pennsylvania,2014,934275,1364517,8539968,0.047398,0.076534,0.002922,0.069784,0.189689,0.060152
Rhode Island,2014,75156,129467,698360,0.067135,0.103179,0.003938,0.101867,0.288861,0.103884
South Carolina,2014,365128,520055,3154439,0.058249,0.08058,0.002646,0.065659,0.210654,0.06156
South Dakota,2014,65789,93308,534674,0.044494,0.071705,0.002395,0.064267,0.170478,0.052202
Tennessee,2014,507891,703134,4272566,0.044608,0.067147,0.002231,0.059023,0.159466,0.048059
Texas,2014,2361420,3057833,16501892,0.048689,0.060787,0.002343,0.068579,0.150786,0.043228
Utah,2014,288637,379132,1657347,0.030535,0.049333,0.001777,0.045432,0.110745,0.037525
Vermont,2014,43770,74221,425449,0.069692,0.130209,0.004479,0.108587,0.349457,0.116134
Virginia,2014,624487,896614,5378367,0.050293,0.080998,0.002929,0.054371,0.178154,0.048985
Washington,2014,530669,745679,4652511,0.059575,0.090001,0.004114,0.091713,0.218674,0.097421
West Virginia,2014,129363,188612,1251012,0.056568,0.079659,0.002319,0.060545,0.188852,0.052184
Wisconsin,2014,446438,624460,3771577,0.060463,0.082444,0.003138,0.076045,0.175202,0.05047
Wyoming,2014,44151,63351,373558,0.053323,0.072246,0.002625,0.065882,0.156416,0.047079
Alabama,2015,378330,522750,3159474,0.041864,0.0639,0.002691,0.052037,0.142502,0.037664
Alaska,2015,59083,80112,444143,0.077936,0.107616,0.008103,0.104263,0.276528,0.14651
Arizona,2015,548504,746271,4399565,0.051166,0.073147,0.00504,0.067498,0.178068,0.057384
Arkansas,2015,236654,317993,1908182,0.045629,0.067059,0.00308,0.055897,0.154884,0.057429
California,2015,3039214,4399955,25184187,0.056758,0.075716,0.004816,0.073327,0.230919,0.086964
Colorado,2015,421468,596535,3551363,0.077364,0.159661,0.00832,0.090776,0.321952,0.140049
Connecticut,2015,279545,388177,2387609,0.057823,0.099135,0.004922,0.079506,0.269425,0.066623
Delaware,2015,69164,97254,632438,0.058802,0.07762,0.003705,0.073541,0.232884,0.068347
District of Columbia,2015,30813,93701,453192,0.068541,0.146894,0.009913,0.080677,0.323885,0.106997
Florida,2015,1405801,1971645,14028654,0.056223,0.073131,0.003244,0.070306,0.198152,0.059998
Georgia,2015,855245,1112080,6443651,0.046244,0.070676,0.002947,0.064002,0.18119,0.054469
Hawaii,2015,96573,135482,926174,0.065601,0.082496,0.004168,0.066348,0.186575,0.068144
Idaho,2015,146791,175145,1038291,0.04204,0.06284,0.003931,0.057734,0.14699,0.057859
Illinois,2015,1015317,1372755,8331898,0.050446,0.079024,0.003131,0.067141,0.208744,0.059097
Indiana,2015,539568,743107,4212004,0.055497,0.078823,0.004045,0.072283,0.195991,0.070296
Iowa,2015,243253,359178,1999854,0.044494,0.077656,0.003149,0.053776,0.132453,0.040897
Kansas,2015,237647,327480,1803253,0.047361,0.064843,0.00479,0.061534,0.157347,0.054148
Kentucky,2015,339903,471060,2865061,0.050378,0.071731,0.003074,0.061341,0.157894,0.056878
Louisiana,2015,367464,503266,2954805,0.046759,0.064539,0.002836,0.056972,0.174554,0.051457
Maine,2015,91487,124761,936729,0.062933,0.095821,0.004786,0.096974,0.308479,0.129992
Maryland,2015,453674,617785,3951408,0.059266,0.101327,0.004572,0.077754,0.273445,0.078284
Massachusetts,2015,487249,792216,4556470,0.064887,0.108489,0.007202,0.086836,0.27577,0.094517
Michigan,2015,779507,1108537,6511669,0.057411,0.080594,0.005402,0.079789,0.22069,0.088931
Minnesota,2015,427687,572944,3589691,0.05405,0.088611,0.004029,0.058811,0.174237,0.058819
Mississippi,2015,244221,331045,1870263,0.044493,0.063877,0.001882,0.049455,0.144559,0.042272
Missouri,2015,469494,652575,3941380,0.051229,0.095944,0.003555,0.062332,0.184192,0.066485
Montana,2015,74427,111264,684598,0.070199,0.104608,0.006327,0.084298,0.238864,0.10483
Nebraska,2015,152704,213106,1187602,0.043209,0.084916,0.002894,0.057359,0.173479,0.055786
Nevada,2015,224147,287409,1916967,0.068258,0.076561,0.005765,0.086497,0.182526,0.067065
New Hampshire,2015,96774,142696,911511,0.059171,0.10982,0.004618,0.080567,0.282961,0.099299
New Jersey,2015,694182,892114,5965066,0.044956,0.081826,0.003527,0.057235,0.205541,0.04828
New Mexico,2015,165412,223662,1329649,0.069925,0.087867,0.006007,0.094554,0.228503,0.085516
New York,2015,1416226,2197628,13150285,0.055818,0.085376,0.00422,0.072787,0.233827,0.076521
North Carolina,2015,783879,1053931,6532379,0.051035,0.072711,0.00366,0.058046,0.199216,0.059788
North Dakota,2015,52111,102161,463569,0.04611,0.07878,0.003429,0.056307,0.139215,0.037978
Ohio,2015,909989,1220151,7605364,0.051442,0.080428,0.002976,0.064102,0.207927,0.073541
Oklahoma,2015,314698,428910,2448662,0.045925,0.05781,0.004964,0.052036,0.140151,0.046841
Oregon,2015,291584,417950,2739602,0.064563,0.10183,0.006647,0.097728,0.305955,0.140706
Pennsylvania,2015,928154,1344620,8572327,0.045645,0.080752,0.003465,0.062452,0.200435,0.06554
Rhode Island,2015,74286,127975,702577,0.072336,0.095714,0.006754,0.105045,0.319983,0.12654
South Carolina,2015,367649,515200,3219369,0.048086,0.076762,0.003177,0.064042,0.196604,0.048067
South Dakota,2015,66117,92977,539708,0.047524,0.073164,0.004519,0.067187,0.170875,0.060644
Tennessee,2015,508573,700709,4323137,0.049567,0.065316,0.002699,0.061563,0.183363,0.063169
Texas,2015,2395358,3083498,16842117,0.04524,0.054999,0.001791,0.059352,0.145847,0.04326
Utah,2015,294912,387120,1695021,0.034724,0.057132,0.002873,0.043207,0.120749,0.038593
Vermont,2015,42936,74732,425544,0.065291,0.123993,0.006976,0.094434,0.381623,0.140002
Virginia,2015,626833,888046,5430166,0.049217,0.076132,0.003287,0.053456,0.179378,0.052193
Washington,2015,532127,745740,4751278,0.053893,0.08541,0.007373,0.079307,0.232977,0.106914
West Virginia,2015,128587,185094,1248039,0.055348,0.074145,0.002756,0.059379,0.165644,0.053928
Wisconsin,2015,445564,626320,3787384,0.059074,0.086805,0.004389,0.069618,0.172625,0.057957
Wyoming,2015,44091,62125,375070,0.049575,0.076606,0.004103,0.058077,0.150008,0.048756
Alabama,2016,375632,515697,3179298,0.039066,0.062964,0.00349,0.052579,0.164758,0.048639
Alaska,2016,58821,75809,450641,0.070859,0.089633,0.010548,0.088367,0.262689,0.149677
Arizona,2016,551089,747345,4489709,0.043245,0.06827,0.005279,0.06311,0.190892,0.068469
Arkansas,2016,236782,316285,1922394,0.046076,0.056173,0.00332,0.058124,0.159551,0.072093
California,2016,3033914,4323156,25492189,0.056014,0.08432,0.004479,0.069323,0.240683,0.096997
Colorado,2016,425994,591983,3629008,0.078897,0.155565,0.010936,0.090181,0.317394,0.148058
Connecticut,2016,276122,389201,2395872,0.066511,0.109249,0.006986,0.079122,0.303527,0.076914
Delaware,2016,69477,95499,642469,0.056643,0.082181,0.004897,0.074514,0.237259,0.081688
District of Columbia,2016,31164,90630,463974,0.073484,0.145743,0.013644,0.082644,0.34851,0.143165
Florida,2016,1415667,1960092,14351670,0.056973,0.077283,0.003723,0.074767,0.223871,0.068811
Georgia,2016,862534,1106098,6555271,0.044675,0.063288,0.003324,0.053851,0.183779,0.049511
Hawaii,2016,95796,128416,934643,0.058722,0.088721,0.004356,0.065436,0.17446,0.070582
Idaho,2016,149626,177049,1062401,0.046827,0.071801,0.004226,0.063423,0.160693,0.063956
Illinois,2016,1006653,1352935,8352680,0.058438,0.084489,0.00412,0.068853,0.235063,0.06663
Indiana,2016,538403,741896,4240275,0.060323,0.088339,0.004833,0.065063,0.206966,0.076461
Iowa,2016,244029,359493,2008814,0.040529,0.084344,0.003988,0.05111,0.172909,0.049319
Kansas,2016,237420,324503,1811408,0.049812,0.076266,0.004885,0.051583,0.16042,0.051224
Kentucky,2016,340232,468636,2883972,0.051631,0.067391,0.003806,0.060077,0.173838,0.064125
Louisiana,2016,365494,491237,2976965,0.045331,0.058127,0.003285,0.056679,0.188036,0.059877
Maine,2016,90519,124197,942340,0.062364,0.106195,0.007029,0.098925,0.343782,0.138945
Maryland,2016,453829,609069,3982694,0.058792,0.089921,0.005052,0.071271,0.26241,0.087099
Massachusetts,2016,484894,792371,4598419,0.078849,0.131037,0.008651,0.089071,0.302715,0.109411
Michigan,2016,770605,1100969,6555498,0.060212,0.08907,0.005828,0.077254,0.242372,0.099481
Minnesota,2016,431266,574516,3625172,0.056688,0.101221,0.005187,0.058126,0.191165,0.061292
Mississippi,2016,243347,325383,1879442,0.048384,0.068262,0.002719,0.050457,0.157901,0.056714
Missouri,2016,467819,644888,3967539,0.049257,0.089527,0.004703,0.05802,0.185661,0.070784
Montana,2016,74636,110413,693178,0.065344,0.109485,0.00674,0.088037,0.251324,0.115246
Nebraska,2016,154318,213416,1196562,0.051979,0.097158,0.003914,0.059965,0.187564,0.059569
Nevada,2016,226449,285045,1964559,0.063053,0.085223,0.005484,0.08819,0.258643,0.101089
New Hampshire,2016,95517,142276,920285,0.063728,0.113667,0.005652,0.086373,0.289259,0.108603
New Jersey,2016,691607,890578,6001097,0.042259,0.085434,0.00393,0.051556,0.223358,0.051196
New Mexico,2016,165925,220697,1338531,0.075447,0.095398,0.00717,0.097419,0.243874,0.101856
New York,2016,1403019,2156021,13244748,0.052102,0.081576,0.005074,0.067491,0.233469,0.075015
North Carolina,2016,789194,1047806,6651709,0.04934,0.06903,0.004082,0.060428,0.190424,0.063954
North Dakota,2016,52376,97469,466368,0.037936,0.074601,0.004242,0.049853,0.144973,0.049334
Ohio,2016,902125,1214375,7643985,0.053688,0.087965,0.003853,0.063327,0.212731,0.068256
Oklahoma,2016,316132,423784,2464143,0.046642,0.06642,0.00473,0.053769,0.168024,0.053912
Oregon,2016,292642,417821,2791313,0.068531,0.123615,0.008691,0.103457,0.331518,0.180742
Pennsylvania,2016,922209,1328664,8602887,0.043926,0.079863,0.004122,0.055948,0.213785,0.06477
Rhode Island,2016,73649,127226,707314,0.065095,0.101041,0.008108,0.094852,0.318622,0.135052
South Carolina,2016,370519,510357,3284833,0.045522,0.068527,0.003529,0.05471,0.183822,0.049693
South Dakota,2016,67066,92382,544008,0.046462,0.07019,0.004242,0.05944,0.182504,0.053958
Tennessee,2016,509963,694756,4382664,0.047729,0.063743,0.003121,0.057455,0.194881,0.064396
Texas,2016,2431437,3086931,17182224,0.042052,0.055631,0.002673,0.048551,0.146267,0.045855
Utah,2016,300510,392070,1736486,0.031914,0.060982,0.003645,0.047076,0.147145,0.046349
Vermont,2016,42109,74469,426296,0.072492,0.121414,0.008843,0.107482,0.38804,0.159095
Virginia,2016,628617,877876,5486815,0.045181,0.07064,0.004116,0.054833,0.184691,0.052828
Washington,2016,536155,739948,4859213,0.058087,0.103023,0.010247,0.089576,0.264844,0.142773
West Virginia,2016,127201,181138,1242852,0.0461,0.059502,0.003321,0.054494,0.169444,0.064444
Wisconsin,2016,444929,625910,3806407,0.055605,0.083364,0.00501,0.059074,0.188162,0.063304
Wyoming,2016,44231,59736,375321,0.04452,0.072832,0.004989,0.05763,0.164955,0.057658
Alabama,2017,373065,510012,3201636,0.040615,0.060559,0.003657,0.061763,0.186689,0.069101
Alaska,2017,58106,73343,454286,0.078037,0.084995,0.011357,0.078759,0.262684,0.160981
Arizona,2017,556478,753929,4599057,0.051075,0.077786,0.008665,0.062781,0.210667,0.098257
Arkansas,2017,236702,314368,1937651,0.050065,0.059215,0.002862,0.056172,0.16197,0.077284
California,2017,3026428,4250955,25769686,0.064032,0.095863,0.006785,0.07053,0.250649,0.103852
Colorado,2017,430432,587460,3708548,0.076533,0.130873,0.013191,0.093862,0.332081,0.157346
Connecticut,2017,272254,387595,2405282,0.080842,0.115514,0.008437,0.083498,0.300832,0.095765
Delaware,2017,69413,94216,651806,0.067197,0.082958,0.006261,0.081936,0.267196,0.092235
District of Columbia,2017,31570,87525,474297,0.090263,0.133052,0.01526,0.084719,0.324914,0.142547
Florida,2017,1431798,1961154,14656396,0.055116,0.077523,0.003844,0.070557,0.228752,0.076706
Georgia,2017,866242,1105245,6661559,0.053039,0.063126,0.003517,0.060451,0.201754,0.065307
Hawaii,2017,95447,123940,938835,0.060931,0.07711,0.005072,0.053126,0.167027,0.080936
Idaho,2017,152823,180549,1089805,0.054661,0.06403,0.003194,0.062843,0.164919,0.071123
Illinois,2017,995426,1331211,8380092,0.06266,0.080217,0.0048,0.068608,0.225916,0.079184
Indiana,2017,537556,738014,4276407,0.059776,0.096654,0.005187,0.067717,0.228456,0.084579
Iowa,2017,245032,357855,2020666,0.041581,0.085528,0.004173,0.053618,0.175386,0.05389
Kansas,2017,237064,322476,1819258,0.053827,0.086477,0.005728,0.045281,0.145448,0.051312
Kentucky,2017,340220,465663,2903588,0.050768,0.070164,0.004157,0.059323,0.174199,0.06982
Louisiana,2017,361940,479234,2987835,0.042172,0.067725,0.003686,0.05117,0.188305,0.062151
Maine,2017,89705,122655,948984,0.061331,0.157818,0.016951,0.103117,0.351692,0.147505
Maryland,2017,452456,600019,4007455,0.054477,0.084246,0.004877,0.069561,0.247089,0.080081
Massachusetts,2017,481835,793182,4649494,0.080473,0.148647,0.008987,0.093287,0.313888,0.110157
Michigan,2017,762352,1091893,6612857,0.064344,0.104446,0.007317,0.078658,0.274975,0.107024
Minnesota,2017,434904,572931,3665430,0.050146,0.099831,0.006758,0.062529,0.220888,0.078925
Mississippi,2017,241768,322550,1887440,0.047587,0.063856,0.003303,0.049611,0.152567,0.058341
Missouri,2017,466292,635726,3997148,0.05095,0.088308,0.005044,0.062113,0.199646,0.07031
Montana,2017,75436,110155,702611,0.062353,0.120325,0.007118,0.096465,0.272999,0.129625
Nebraska,2017,155993,212817,1206583,0.057555,0.076481,0.003442,0.061555,0.205405,0.062995
Nevada,2017,229143,283377,2008499,0.058347,0.116761,0.009226,0.091651,0.320867,0.133124
New Hampshire,2017,94983,141804,933100,0.073432,0.127347,0.00731,0.088416,0.299524,0.124076
New Jersey,2017,684290,880024,6010331,0.049195,0.083851,0.003867,0.056058,0.210821,0.06211
New Mexico,2017,165877,219023,1351993,0.078753,0.096648,0.008694,0.09575,0.239644,0.116167
New York,2017,1375507,2093893,13260774,0.052363,0.08363,0.004938,0.066195,0.242221,0.07808
North Carolina,2017,791658,1058797,6764669,0.051837,0.068604,0.003965,0.066632,0.192401,0.061327
North Dakota,2017,53301,94024,469643,0.040366,0.069308,0.00373,0.049262,0.171216,0.060302
Ohio,2017,896066,1210058,7695525,0.052745,0.093099,0.004964,0.06161,0.20669,0.066599
Oklahoma,2017,317113,419663,2479838,0.048708,0.071401,0.004702,0.053081,0.175701,0.060949
Oregon,2017,294160,416018,2839447,0.067544,0.144396,0.014326,0.097064,0.33114,0.176764
Pennsylvania,2017,916014,1313052,8642237,0.049834,0.077352,0.003782,0.05309,0.197126,0.069782
Rhode Island,2017,73039,125273,711511,0.070659,0.115381,0.010193,0.086116,0.292614,0.126962
South Carolina,2017,373712,507495,3345950,0.05507,0.06891,0.003448,0.063373,0.191819,0.068917
South Dakota,2017,68252,92097,550564,0.041656,0.068513,0.003063,0.052592,0.177041,0.055774
Tennessee,2017,511356,690281,4443021,0.050683,0.055342,0.002688,0.061058,0.198824,0.070664
Texas,2017,2463690,3098890,17545587,0.043725,0.062186,0.003624,0.048153,0.146741,0.047236
Utah,2017,306536,398120,1780017,0.027886,0.055658,0.003821,0.0446,0.138126,0.046216
Vermont,2017,41544,74251,428613,0.095721,0.146633,0.008764,0.126678,0.376687,0.167641
Virginia,2017,629286,874127,5542540,0.046562,0.065005,0.003745,0.056384,0.195027,0.055302
Washington,2017,541234,736912,4970994,0.062398,0.125148,0.014847,0.099418,0.30444,0.150114
West Virginia,2017,125736,177588,1238942,0.053111,0.063466,0.003374,0.062507,0.189142,0.083741
Wisconsin,2017,443580,622050,3833603,0.054635,0.07563,0.003909,0.060891,0.212407,0.072197
Wyoming,2017,44389,57838,375569,0.052923,0.069724,0.004983,0.063352,0.175659,0.063842
Alabama,2018,371033,505103,3225318,0.046155,0.065405,0.005085,0.057989,0.183446,0.074906
Alaska,2018,57444,71183,455906,0.077775,0.101149,0.012769,0.0854,0.307125,0.162506
Arizona,2018,562546,763917,4715857,0.059971,0.073831,0.008138,0.060367,0.207976,0.100118
Arkansas,2018,237382,312348,1949363,0.050178,0.072719,0.005104,0.058163,0.158035,0.076023
California,2018,3017701,4174962,25917724,0.06827,0.08932,0.008406,0.088481,0.264822,0.119085
Colorado,2018,433719,589317,3782655,0.079658,0.124871,0.01209,0.097544,0.343871,0.156205
Connecticut,2018,268807,383297,2408141,0.065696,0.11645,0.009558,0.074571,0.272163,0.105194
Delaware,2018,69325,92525,659878,0.071153,0.093548,0.00793,0.082642,0.27575,0.105257
District of Columbia,2018,31910,86420,479448,0.095006,0.113711,0.01497,0.089854,0.307315,0.143004
Florida,2018,1439529,1956426,14896983,0.052801,0.074845,0.004808,0.064692,0.214531,0.089626
Georgia,2018,868842,1107324,6756292,0.04927,0.067467,0.00532,0.060388,0.195616,0.079139
Hawaii,2018,95153,120820,939985,0.056969,0.065292,0.007397,0.06292,0.187704,0.09383
Idaho,2018,155001,183511,1119507,0.05431,0.068996,0.006043,0.058997,0.182106,0.073643
Illinois,2018,984930,1308622,8378609,0.060357,0.078236,0.006768,0.070117,0.217377,0.089954
Indiana,2018,537380,736727,4312382,0.053447,0.08976,0.007218,0.07522,0.256343,0.096579
Iowa,2018,245846,353673,2032017,0.050599,0.075515,0.005428,0.057094,0.161565,0.051771
Kansas,2018,237062,320289,1827127,0.049612,0.077887,0.007298,0.049952,0.153909,0.064178
Kentucky,2018,339761,461868,2917791,0.050308,0.081384,0.00615,0.061808,0.18962,0.087077
Louisiana,2018,360378,468361,2992047,0.043266,0.067949,0.004543,0.049905,0.184682,0.063908
Maine,2018,89221,121181,955772,0.077052,0.143911,0.01093,0.109346,0.351204,0.159727
Maryland,2018,450671,590912,4017859,0.054636,0.08057,0.006431,0.070668,0.26372,0.091638
Massachusetts,2018,477554,788962,4680619,0.072546,0.15275,0.011282,0.097151,0.310119,0.127287
Michigan,2018,753613,1077222,6657456,0.063043,0.126914,0.009298,0.074173,0.293024,0.120179
Minnesota,2018,438045,568703,3698785,0.051339,0.09583,0.007764,0.065337,0.224651,0.084427
Mississippi,2018,241623,316108,1894943,0.045479,0.058306,0.003748,0.056821,0.169864,0.066478
Missouri,2018,465766,627312,4022731,0.05046,0.089302,0.005707,0.05879,0.207349,0.075181
Montana,2018,76259,109604,712413,0.074576,0.116971,0.0098,0.097735,0.298507,0.13175
Nebraska,2018,157259,211523,1215009,0.062914,0.082902,0.005634,0.067529,0.212449,0.06425
Nevada,2018,231765,283278,2046371,0.073807,0.106633,0.010063,0.096655,0.314858,0.1469
New Hampshire,2018,94278,140227,945381,0.076785,0.138051,0.010098,0.081816,0.301583,0.122484
New Jersey,2018,675646,860848,5989388,0.052225,0.085946,0.004768,0.066943,0.224974,0.073022
New Mexico,2018,165707,216551,1364936,0.087506,0.09395,0.008753,0.098329,0.234845,0.109874
New York,2018,1348363,2031273,13191928,0.055915,0.085977,0.006288,0.072002,0.2445,0.093467
North Carolina,2018,793730,1067047,6865689,0.061421,0.064583,0.00594,0.068658,0.19406,0.078331
North Dakota,2018,54491,91846,473049,0.040296,0.087492,0.005561,0.047588,0.170989,0.061935
Ohio,2018,889700,1200403,7734940,0.053941,0.100755,0.006292,0.06451,0.220182,0.08823
Oklahoma,2018,318276,417957,2497934,0.04698,0.081874,0.007093,0.058386,0.192163,0.090888
Oregon,2018,295052,415291,2880798,0.071618,0.11663,0.012609,0.107426,0.326369,0.174868
Pennsylvania,2018,910130,1292868,8675385,0.058105,0.083033,0.006267,0.061126,0.198049,0.087331
Rhode Island,2018,72481,122890,714973,0.067773,0.118216,0.010945,0.082969,0.310022,0.134031
South Carolina,2018,377471,504595,3407157,0.050665,0.061083,0.004633,0.065628,0.183442,0.080933
South Dakota,2018,69325,91692,557354,0.044474,0.07839,0.005027,0.050977,0.147367,0.051278
Tennessee,2018,513011,687939,4497884,0.049373,0.070414,0.0048,0.057034,0.182162,0.076513
Texas,2018,2485959,3116800,17862401,0.048602,0.064687,0.004806,0.059365,0.155149,0.059174
Utah,2018,312345,406023,1821899,0.03684,0.054784,0.005015,0.045811,0.145029,0.049647
Vermont,2018,41066,73777,430733,0.093066,0.155362,0.011448,0.128446,0.389936,0.171088
Virginia,2018,629725,869285,5581639,0.048656,0.075266,0.005265,0.054119,0.202553,0.062455
Washington,2018,545968,738052,5065742,0.063463,0.114453,0.014083,0.099219,0.318022,0.165403
West Virginia,2018,124659,174236,1235448,0.059672,0.084328,0.0057,0.070514,0.208839,0.081155
Wisconsin,2018,442510,615930,3861670,0.053793,0.083485,0.006544,0.065794,0.206651,0.074815
Wyoming,2018,44908,57395,377084,0.054893,0.077788,0.006807,0.058839,0.177295,0.05978
